,Vacancy,Link,Company,City,Salary_min,Salary_max,Currency
0,Инженер-проектировщик водоснабжения и канализации (ВК),https://www.superjob.ru/vakansii/inzhener-proektirovschik-vodosnabzheniya-i-kanalizacii-33369043.html,"""Концерн ""Автоматика""", Москва,,,
1,Инженер технической поддержки,https://www.superjob.ru/vakansii/inzhener-tehnicheskoj-podderzhki-33556693.html,"«Модный Континент» (бренды INCITY, DESEO)"," Москва, Выставочная, Деловой центр",,,
2,Инженер-конструктор,https://www.superjob.ru/vakansii/inzhener-konstruktor-33839845.html,"""Концерн ""Калашников""", Москва,,,
3,Ведущий инженер API,https://www.superjob.ru/vakansii/veduschij-inzhener-api-33808969.html,РОСГОССТРАХ Банк, Москва,,,
4,Инженер 1 категории,https://www.superjob.ru/vakansii/inzhener-1-kategorii-33834329.html,"АО ""Почта России""", Москва,35700,,руб.
5,"Инженер АСУТП (г. Магадан, Магаданская область)",https://www.superjob.ru/vakansii/inzhener-asutp-33795225.html,АНО Агентство по развитию человеческого капитала на Дальнем Востоке и в Арктике, Москва,,,
6,Сервисный инженер (мелкий бытовой ремонт),https://www.superjob.ru/vakansii/servisnyj-inzhener-32029402.html,РемМастер," Москва, Марьино",80000,,руб.
7,Инженер ПТО (электромонтажные работы),https://www.superjob.ru/vakansii/inzhener-pto-33795118.html,JOBCART.RU, Москва,60000,,руб.
8,"Инженер-конструктор, схемотехник",https://www.superjob.ru/vakansii/inzhener-konstruktor-33360043.html,Кадровое агентство уникальных специалистов," Москва, Шоссе Энтузиастов",80000,100000,руб.
9,Инженер-проектировщик пожарной безопасности,https://www.superjob.ru/vakansii/inzhener-proektirovschik-pozharnoj-bezopasnosti-27053168.html,СК БИТЭКС, Москва,100000,,руб.
10,Инженер РЭА,https://www.superjob.ru/vakansii/inzhener-rea-33802308.html,Сириус+, Москва,,,
11,"Ведущий инженер по испытаниям (24 РЭР, 20 РЭР)",https://www.superjob.ru/vakansii/veduschij-inzhener-po-ispytaniyam-33808349.html,"""Московская объединенная электросетевая компания""-филиал МКС", Москва,,,
12,Ведущий инженер-технолог по оптико-электронным изделиям,https://www.superjob.ru/vakansii/veduschij-inzhener-tehnolog-po-optiko-elektronnym-izdeliyam-33776379.html,НПП Александр, Москва,70000,,руб.
13,Старший инженер-механик производства по розливу напитков,https://www.superjob.ru/vakansii/starshij-inzhener-mehanik-proizvodstva-po-rozlivu-napitkov-33839397.html,"Московский пиво-безалкогольный комбинат ""Очаково""", Москва,100000,,руб.
14,Инженер электросвязи,https://www.superjob.ru/vakansii/inzhener-elektrosvyazi-33394463.html,МГТС," Москва, Пражская",,,
15,Ведущий инженер-проектировщик (наружные сети),https://www.superjob.ru/vakansii/veduschij-inzhener-proektirovschik-32899896.html,АВТОБАН," Москва, Юго-Западная",,,
16,Инженер-технолог,https://www.superjob.ru/vakansii/inzhener-tehnolog-33572597.html,Импульс," Москва, Алексеевская, Рижская",,,
17,"Специалист по телемедицинским технологиям (инженер, программист)",https://www.superjob.ru/vakansii/specialist-po-telemedicinskim-tehnologiyam-32444843.html,НИИОЗММ ДЗМ, Москва,,,
18,Инженер КИПиА,https://www.superjob.ru/vakansii/inzhener-kipia-33625865.html,Союзснаб, Москва,55000,65000,руб.
19,"Главный инженер проектов (дороги, мосты)",https://www.superjob.ru/vakansii/glavnyj-inzhener-proektov-33805337.html,Ведомости.HR, Москва,,,
20,Инженер-электрик по проектированию внутренних и наружных электрических систем,https://www.superjob.ru/vakansii/inzhener-elektrik-po-proektirovaniyu-vnutrennih-i-naruzhnyh-elektricheskih-sistem-33376809.html,"""Концерн ""Автоматика""", Москва,,,
21,Инженер сопровождения кредитных технологий,https://www.superjob.ru/vakansii/inzhener-soprovozhdeniya-kreditnyh-tehnologij-33844800.html,РОСГОССТРАХ Банк, Москва,,,
22,Ведущий инженер-технолог,https://www.superjob.ru/vakansii/veduschij-inzhener-tehnolog-33820128.html,"""Концерн ""Калашников""", Москва,,,
23,Сервисный инженер по кондиционированию,https://www.superjob.ru/vakansii/servisnyj-inzhener-po-kondicionirovaniyu-32034409.html,РемМастер, Москва,100000,,руб.
24,Ведущий инженер ПТО (мосты),https://www.superjob.ru/vakansii/veduschij-inzhener-pto-33150641.html,АВТОБАН, Москва,74000,85000,руб.
25,Инженер-проектировщик слаботочных систем / Инженер-проектировщик систем автоматизации,https://www.superjob.ru/vakansii/inzhener-proektirovschik-slabotochnyh-sistem-31959749.html,ИНТЕЛЛЕКТ-СТРОЙ," Москва, Текстильщики",80000,100000,руб.
26,Инженер-сметчик (благоустройство),https://www.superjob.ru/vakansii/inzhener-smetchik-33740443.html,Группа компаний Веста-СФ, Москва,80000,,руб.
27,Инженер-конструктор,https://www.superjob.ru/vakansii/inzhener-konstruktor-33828190.html,Афиша-наружная реклама, Москва,,,
28,Инженер сети радиодоступа,https://www.superjob.ru/vakansii/inzhener-seti-radiodostupa-33528323.html,МГТС, Москва,,,
29,Ведущий инженер-проектировщик систем электроснабжения,https://www.superjob.ru/vakansii/veduschij-inzhener-proektirovschik-sistem-elektrosnabzheniya-30549858.html,ГК Тепло Центр Строй," Москва, Октябрьское поле, Зорге",,,
30,Инженер по медицинскому оборудованию,https://www.superjob.ru/vakansii/inzhener-po-medicinskomu-oborudovaniyu-33800150.html,КДЛ ДОМОДЕДОВО-ТЕСТ, Москва,,70000,руб.
31,Инженер (бытовая и производственная техника),https://www.superjob.ru/vakansii/inzhener-32915346.html,МОССЕРВИС, Москва,,,
32,Инженер сервисный по технологическому оборудованию,https://www.superjob.ru/vakansii/inzhener-servisnyj-po-tehnologicheskomu-oborudovaniyu-33744535.html,Тэо," Москва, Алтуфьево",60000,65000,руб.
33,Инженер по календарно-сетевому планированию,https://www.superjob.ru/vakansii/inzhener-po-kalendarno-setevomu-planirovaniyu-33611295.html,, Москва,90000,100000,руб.
34,"Инженер-технолог по неметаллическим материалам (полимеры, текстиль, резина)",https://www.superjob.ru/vakansii/inzhener-tehnolog-po-nemetallicheskim-materialam-33587954.html,Государственный космический научно-производственный центр имени М.В. Хруничева," Москва, Фили, Багратионовская",,,
35,Инженер по пожарной безопасности ГО и ЧС,https://www.superjob.ru/vakansii/inzhener-po-pozharnoj-bezopasnosti-go-i-chs-33812190.html,"Магнит, Розничная сеть", Москва,,,
36,Инженер-строитель (выездной),https://www.superjob.ru/vakansii/inzhener-stroitel-33822963.html,JOBCART.RU, Москва,,100000,руб.
37,Инженер,https://www.superjob.ru/vakansii/inzhener-33799494.html,Ростелеком, Москва,31000,,руб.
38,Инженер-метролог (поверитель),https://www.superjob.ru/vakansii/inzhener-metrolog-33842013.html,Мособлгаз, Москва,,,
39,Инженер-конструктор (навесные вентилируемые фасады),https://www.superjob.ru/vakansii/inzhener-konstruktor-33767883.html,КапТехноСтрой, Москва,84659,105823,руб.
40,Devops инженер / CICD автоматизатор,https://www.superjob.ru/vakansii/devops-inzhener-33808596.html,РОСГОССТРАХ Банк, Москва,,,
41,Инженер по метрологии,https://www.superjob.ru/vakansii/inzhener-po-metrologii-33802404.html,"""Концерн ""Калашников"""," Москва, Сходненская",,,
42,Сантехник / Сервисный инженер,https://www.superjob.ru/vakansii/santehnik-33508674.html,, Москва,,,
43,Инженер ПТО (благоустройство),https://www.superjob.ru/vakansii/inzhener-pto-33740384.html,Группа компаний Веста-СФ, Москва,70000,,руб.
44,Сервисный инженер по ремонту бытовой техники,https://www.superjob.ru/vakansii/servisnyj-inzhener-po-remontu-bytovoj-tehniki-32641104.html,МОССЕРВИС, Москва,75000,80000,руб.
45,Инженер-конструктор/проектировщик,https://www.superjob.ru/vakansii/inzhener-konstruktor-33804551.html,"""Концерн ""Автоматика""", Москва,,,
46,Инженер-химик,https://www.superjob.ru/vakansii/inzhener-himik-33783501.html,«Омнибус – управляющая компания торгово-производственного холдинга», Москва,,,
47,Ведущий инженер-сметчик,https://www.superjob.ru/vakansii/veduschij-inzhener-smetchik-33675923.html,АльянсТелекоммуникейшнс, Москва,80000,100000,руб.
48,Инженер по автоматизации 2 категории,https://www.superjob.ru/vakansii/inzhener-po-avtomatizacii-2-kategorii-33124244.html,"Акционерное общество Московский пиво-безалкогольный комбинат ""Очаково"""," Москва, Кунцевская",68000,,руб.
49,Инженер-конструктор расчетчик деревянных домов,https://www.superjob.ru/vakansii/inzhener-konstruktor-raschetchik-derevyannyh-domov-33849288.html,Экокомплект, Москва,,,
50,Инженер по наладке и испытаниям,https://www.superjob.ru/vakansii/inzhener-po-naladke-i-ispytaniyam-32677042.html,Руссдрагмет, Москва,,,
51,"Инженер по подготовке производства 2, 11 РЭР",https://www.superjob.ru/vakansii/inzhener-po-podgotovke-proizvodstva-2-33810023.html,"""Московская объединенная электросетевая компания""-филиал МКС"," Москва, Юго-Западная, Улица 1905 года",,,
52,Инженер,https://www.superjob.ru/vakansii/inzhener-32679494.html,Лазерные Компоненты," Москва, Тульская",,,
53,Старший инженер отдела электротехнического оборудования,https://www.superjob.ru/vakansii/starshij-inzhener-otdela-elektrotehnicheskogo-oborudovaniya-33766952.html,Институт Гидропроект, Москва,,,
54,Дежурный инженер,https://www.superjob.ru/vakansii/dezhurnyj-inzhener-33849144.html,СТРАТЕГИЯ," Москва, Бауманская",56000,67000,руб.
55,Ведущий инженер-конструктор (строительство),https://www.superjob.ru/vakansii/veduschij-inzhener-konstruktor-33406629.html,Государственный космический научно-производственный центр имени М.В. Хруничева," Москва, Фили, Багратионовская",65000,80000,руб.
56,Инженер по эксплуатации зданий и сооружений,https://www.superjob.ru/vakansii/inzhener-po-ekspluatacii-zdanij-i-sooruzhenij-33734305.html,"Черкизово, Группа предприятий", Москва,,85000,руб.
57,Инженер-геодезист,https://www.superjob.ru/vakansii/inzhener-geodezist-33849106.html,Алмакс, Москва,80000,,руб.
58,Инженер-сметчик,https://www.superjob.ru/vakansii/inzhener-smetchik-33827937.html,, Москва,60000,,руб.
59,Инженер электросвязи на оборудование радиосети,https://www.superjob.ru/vakansii/inzhener-elektrosvyazi-na-oborudovanie-radioseti-33648129.html,МГТС," Москва, Ботанический сад, Шипиловская",,63000,руб.
60,Инженер-геодезист,https://www.superjob.ru/vakansii/inzhener-geodezist-33243902.html,Группа компаний Веста-СФ, Москва,,,
61,Инженер широкополостной сети передачи данных (ОШС),https://www.superjob.ru/vakansii/inzhener-shirokopolostnoj-seti-peredachi-dannyh-33818435.html,"""Московская объединенная электросетевая компания""-филиал МКС", Москва,,,
62,Главный инженер сопровождения,https://www.superjob.ru/vakansii/glavnyj-inzhener-soprovozhdeniya-33809978.html,РОСГОССТРАХ Банк," Москва, Киевская",,,
63,"Ведущий инженер по наладке, совершенствованию и эксплуатации электрических сетей",https://www.superjob.ru/vakansii/veduschij-inzhener-po-naladke-33391729.html,"""Концерн ""Калашников""", Москва,,,
64,Инженер-конструктор ПГС,https://www.superjob.ru/vakansii/inzhener-konstruktor-pgs-33839616.html,Родер, Москва,100000,,руб.
65,Инженер по системам ВК и ОВ,https://www.superjob.ru/vakansii/inzhener-po-sistemam-vk-i-ov-33827897.html,СанетехЭлектроСтрой, Москва,60000,,руб.
66,Главный инженер,https://www.superjob.ru/vakansii/glavnyj-inzhener-33795749.html,Новая Заря, Москва,,,
67,Инженер по безопасности дорожного движения,https://www.superjob.ru/vakansii/inzhener-po-bezopasnosti-dorozhnogo-dvizheniya-33802953.html,Купишуз (Lamoda Group), Москва,,,
68,Инженер-конструктор,https://www.superjob.ru/vakansii/inzhener-konstruktor-33550389.html,Морозко, Москва,,,
69,Инженер по механическим системам,https://www.superjob.ru/vakansii/inzhener-po-mehanicheskim-sistemam-33782748.html,Дикси Групп, Москва,,,
70,Инженер цифровой телефонии,https://www.superjob.ru/vakansii/inzhener-cifrovoj-telefonii-26037159.html,Медицина, Москва,,75000,руб.
71,"Инженер систем мониторинга и автоматизации, связи",https://www.superjob.ru/vakansii/inzhener-sistem-monitoringa-i-avtomatizacii-33480556.html,Гейзер-Телеком, Москва,,,
72,Главный инженер / Руководитель службы эксплуатации,https://www.superjob.ru/vakansii/glavnyj-inzhener-33757539.html,, Москва,,,
73,Ведущий инженер по автоматизации (старший специалист),https://www.superjob.ru/vakansii/veduschij-inzhener-po-avtomatizacii-33634460.html,"Московский пиво-безалкогольный комбинат ""Очаково""", Москва,100000,,руб.
74,Инженер-проектировщик базовых станций сотовой связи (Site Design Engineer),https://www.superjob.ru/vakansii/inzhener-proektirovschik-bazovyh-stancij-sotovoj-svyazi-33813540.html,Эрикссон Корпорация А/О, Москва,,,
75,Продакт-менеджер (медицинское оборудование) / Менеджер (инженер) по продажам,https://www.superjob.ru/vakansii/prodakt-menedzher-33848529.html,Владмедпоставка," Москва, Алексеевская",80000,,руб.
76,Инженер-проектировщик базовых станций сотовой связи,https://www.superjob.ru/vakansii/inzhener-proektirovschik-bazovyh-stancij-sotovoj-svyazi-33834347.html,Анкор, Москва,,70000,руб.
77,Главный инженер проекта,https://www.superjob.ru/vakansii/glavnyj-inzhener-proekta-33827119.html,А101 ДЕВЕЛОПМЕНТ," Москва, Теплый Стан и ещё 2 станции",,,
78,Инженер по медицинскому оборудованию,https://www.superjob.ru/vakansii/inzhener-po-medicinskomu-oborudovaniyu-33733250.html,«Группа ГУТА», Москва,,,
79,Инженер КИПиА,https://www.superjob.ru/vakansii/inzhener-kipia-29375214.html,«Черкизово», Москва,,60000,руб.
80,Инженер-проектировщик,https://www.superjob.ru/vakansii/inzhener-proektirovschik-24975096.html,Группа компаний Веста-СФ," Москва, Кузьминки и ещё 4 станции",,110000,руб.
81,Инженер службы кабельных трасс (СКТ),https://www.superjob.ru/vakansii/inzhener-sluzhby-kabelnyh-trass-33818433.html,"""Московская объединенная электросетевая компания""-филиал МКС", Москва,,,
82,Инженер-системотехник,https://www.superjob.ru/vakansii/inzhener-sistemotehnik-33782962.html,"""Концерн ""Калашников"""," Москва, Павелецкая",,,
83,Инженер-конструктор РЭА,https://www.superjob.ru/vakansii/inzhener-konstruktor-rea-28793651.html,Гейзер-Телеком, Москва,70000,,руб.
84,Инженер-химик в аккредитованную лабораторию,https://www.superjob.ru/vakansii/inzhener-himik-v-akkreditovannuyu-laboratoriyu-33112618.html,Новая Заря," Москва, Добрынинская",,,
85,Инженер-технолог 3 категории,https://www.superjob.ru/vakansii/inzhener-tehnolog-3-kategorii-33705378.html,Московское машиностроительное предприятие имени В. В. Чернышева," Москва, Тушинская",,,
86,Инженер-проектировщик,https://www.superjob.ru/vakansii/inzhener-proektirovschik-33648998.html,Техстронг, Москва,,,
87,Инженер ПТО,https://www.superjob.ru/vakansii/inzhener-pto-29727631.html,«СервисТеплоГаз», Москва,,,
88,Инженер-энергетик,https://www.superjob.ru/vakansii/inzhener-energetik-30678938.html,, Москва,64000,,руб.
89,"Инженер-проектировщик слаботочных систем, сетей связи",https://www.superjob.ru/vakansii/inzhener-proektirovschik-slabotochnyh-sistem-29403435.html,Монтажсетьстрой," Москва, Смоленская",65000,80000,руб.
90,Сетевой инженер,https://www.superjob.ru/vakansii/setevoj-inzhener-33826639.html,Софт технолоджи, Москва,,,
91,Инженер-конструктор ПГС,https://www.superjob.ru/vakansii/inzhener-konstruktor-pgs-33648157.html,Торговый дом Мособлстрой-31," Москва, Чертановская",,,
92,Инженер-электронщик (разработчик радиоэлектронной аппаратуры),https://www.superjob.ru/vakansii/inzhener-elektronschik-33847072.html,МФТИ ГУ, Москва,,,
93,Инженер по подбору теплообменного и насосного оборудования,https://www.superjob.ru/vakansii/inzhener-po-podboru-teploobmennogo-i-nasosnogo-oborudovaniya-31061134.html,Фирма ВОДОКОМФОРТ, Москва,,,
94,Инженер-проектировщик слаботочных систем,https://www.superjob.ru/vakansii/inzhener-proektirovschik-slabotochnyh-sistem-33451937.html,Желдорпроект," Москва, Семеновская",,,
95,Ведущий инженер ПТО (Бангладеш),https://www.superjob.ru/vakansii/veduschij-inzhener-pto-30971632.html,Институт Оргэнергострой, Москва,,,
96,Инженер СХД,https://www.superjob.ru/vakansii/inzhener-shd-32350095.html,"""Концерн ""Автоматика"", ООО ""НТ""."," Москва, Киевская",,,
97,Инженер-сметчик,https://www.superjob.ru/vakansii/inzhener-smetchik-33507662.html,МонтажСпецСтрой," Москва, Текстильщики",,,
98,"Инженер ПТО (ОВиК, ВК)",https://www.superjob.ru/vakansii/inzhener-pto-33561335.html,АКВИЛОН," Москва, Охотный ряд, Китай-город",80000,,руб.
99,Сервисный инженер / Специалист по ремонту АКБ и ЗУ,https://www.superjob.ru/vakansii/servisnyj-inzhener-32663814.html,Линде Материал Хэндлинг Рус (Linde MH)," Москва, Юго-Западная и ещё 3 станции",,,
100,"Инженер-проектировщик НВК (водопровод, канализация, водосток)",https://www.superjob.ru/vakansii/inzhener-proektirovschik-nvk-26957154.html,Группа компаний Веста-СФ," Москва, Кузьминки и ещё 2 станции",,,
101,Инженер-электроник,https://www.superjob.ru/vakansii/inzhener-elektronik-33782958.html,"""Концерн ""Калашников"""," Москва, Павелецкая",,,
102,"Ведущий инженер по диспетчерскому оборудованию и телеавтоматике 5 РЭР, 14 РЭР",https://www.superjob.ru/vakansii/veduschij-inzhener-po-dispetcherskomu-oborudovaniyu-i-teleavtomatike-5-rer-30252625.html,"""Московская объединенная электросетевая компания""-филиал МКС"," Москва, Перово, Проспект Мира",,,
103,Инженер-проектировщик,https://www.superjob.ru/vakansii/inzhener-proektirovschik-31179614.html,«СервисТеплоГаз», Москва,70000,80000,руб.
104,Инженер BIM (Revit Civil 3D),https://www.superjob.ru/vakansii/inzhener-bim-31611244.html,Монтажсетьстрой, Москва,,,
105,Ведущий инженер по строительному контролю (сварка) (С переездом в Бангладеш),https://www.superjob.ru/vakansii/veduschij-inzhener-po-stroitelnomu-kontrolyu-31944499.html,Институт Оргэнергострой, Москва,,,
106,Инженер-испытатель,https://www.superjob.ru/vakansii/inzhener-ispytatel-33846871.html,МФТИ ГУ, Москва,,,
107,Инженер архива научно-технической документации,https://www.superjob.ru/vakansii/inzhener-arhiva-nauchno-tehnicheskoj-dokumentacii-33359449.html,ГИПРОСВЯЗЬ, Москва,35000,,руб.
108,Инженер-наладчик РЗА,https://www.superjob.ru/vakansii/inzhener-naladchik-rza-33793556.html,АСВОМЕД-Дизайн, Москва,,,
109,Инженер-проектировщик,https://www.superjob.ru/vakansii/inzhener-proektirovschik-33846476.html,Инжсетьстрой-10, Москва,,,
110,Сервисный инженер / Механик / Техник по ремонту холодильного оборудования (юг Москвы и М/О),https://www.superjob.ru/vakansii/servisnyj-inzhener-32969320.html,Балтик Мастер М, Москва,,100000,руб.
111,Инженер отдела МТО (снабжение),https://www.superjob.ru/vakansii/inzhener-otdela-mto-33767791.html,Строймеханизация, Москва,60000,70000,руб.
112,Ведущий инженер по организации и ремонту,https://www.superjob.ru/vakansii/veduschij-inzhener-po-organizacii-i-remontu-33258027.html,Руссдрагмет, Москва,126500,135000,руб.
113,Инженер ПТО,https://www.superjob.ru/vakansii/inzhener-pto-33829914.html,СК МонтажСпецСтрой, Москва,90000,,руб.
114,Инженер-проектировщик (инженер-гидролог),https://www.superjob.ru/vakansii/inzhener-proektirovschik-33845685.html,"Инженерный центр ""Теплобиз""", Москва,60000,,руб.
115,Инженер по оборудованию ЧПУ,https://www.superjob.ru/vakansii/inzhener-po-oborudovaniyu-chpu-33813970.html,Ипатюк Олег, Москва,,,
116,Инженер по учету ГСМ,https://www.superjob.ru/vakansii/inzhener-po-uchetu-gsm-33815504.html,Полиметалл, Москва,,119000,руб.
117,Инженер по метрологии,https://www.superjob.ru/vakansii/inzhener-po-metrologii-33292671.html,ФГБУ Центральное управление по гидрометеорологии и мониторингу окружающей среды, Москва,30000,35000,руб.
118,Ведущий инженер DevOps,https://www.superjob.ru/vakansii/veduschij-inzhener-devops-33502698.html,Стаффмикс," Москва, Тургеневская",,,
119,Инженер по эксплуатации МКД,https://www.superjob.ru/vakansii/inzhener-po-ekspluatacii-mkd-33379984.html,УПРАВЛЯЮЩАЯ КОМПАНИЯ ТЕРМОИНЖСЕРВИС, Москва,,,
120,Инженер-конструктор,https://www.superjob.ru/vakansii/inzhener-konstruktor-29233987.html,Группа компаний Веста-СФ, Москва,,,
121,Ведущий инженер по наладке и испытаниям,https://www.superjob.ru/vakansii/veduschij-inzhener-po-naladke-i-ispytaniyam-33796774.html,Московская объединенная электросетевая компания, Москва,54000,63000,руб.
122,Инженер-проектировщик по генплану,https://www.superjob.ru/vakansii/inzhener-proektirovschik-po-genplanu-33124078.html,Энергопроммонтаж," Москва, Славянский бульвар",65000,80000,руб.
123,Инженер-математик (в части систем автоматического управления),https://www.superjob.ru/vakansii/inzhener-matematik-33846776.html,МФТИ ГУ, Москва,,,
124,Инженер цифровой печати,https://www.superjob.ru/vakansii/inzhener-cifrovoj-pechati-33614409.html,ГИПРОСВЯЗЬ, Москва,30000,,руб.
125,Инженер-сметчик,https://www.superjob.ru/vakansii/inzhener-smetchik-33485481.html,Стаффмикс," Москва, Бабушкинская",,60000,руб.
126,Инженер по слаботочным сетям,https://www.superjob.ru/vakansii/inzhener-po-slabotochnym-setyam-33813882.html,ПРОМИНДУСТРИЯ АГ, Москва,50000,55000,руб.
127,Сервисный инженер (Некрасовка),https://www.superjob.ru/vakansii/servisnyj-inzhener-30984426.html,ИСКРАТЕЛЕКОМ, Москва,,,
128,Инженер ПТО,https://www.superjob.ru/vakansii/inzhener-pto-12111039.html,Ф.С.Г. ЦентрСтрой, Москва,75000,,руб.
129,Главный инженер по эксплуатации МКД,https://www.superjob.ru/vakansii/glavnyj-inzhener-po-ekspluatacii-mkd-33470200.html,Тройка РЭД, Москва,80000,100000,руб.
130,Инженер по ОТ и ПБ,https://www.superjob.ru/vakansii/inzhener-po-ot-i-pb-33844904.html,СТР Констракшн, Москва,,,
131,Продакт-менеджер (ведущий инженер по с/х оборудованию),https://www.superjob.ru/vakansii/prodakt-menedzher-33058011.html,МК Комплект," Москва, Саларьево",90000,,руб.
132,Инженер ПТО,https://www.superjob.ru/vakansii/inzhener-pto-28023386.html,Технолог," Москва, Беляево",50000,60000,руб.
133,Инженер-сметчик,https://www.superjob.ru/vakansii/inzhener-smetchik-33845219.html,Меркурий, Москва,70000,,руб.
134,"Инженер, инсталлятор систем автоматизации инженерного оборудования",https://www.superjob.ru/vakansii/inzhener-33690111.html,Каверион Элмек," Москва, Ленинский проспект",,,
135,Инженер ПТО,https://www.superjob.ru/vakansii/inzhener-pto-31903221.html,МСК-Строй," Москва, Андроновка",60000,,руб.
136,Инженер ПТО (наружные сети),https://www.superjob.ru/vakansii/inzhener-pto-32461297.html,Строительная компания ФЛАН-М," Москва, Речной вокзал и ещё 2 станции",,90000,руб.
137,Инженер по строительству,https://www.superjob.ru/vakansii/inzhener-po-stroitelstvu-26159080.html,"Корпорация ""СоТиС"""," Москва, Текстильщики",60000,,руб.
138,Заместитель главного механика / Сервисный инженер (малая механизация),https://www.superjob.ru/vakansii/zamestitel-glavnogo-mehanika-27052515.html,Управление механизации," Москва, Алтуфьево",70000,,руб.
139,Инженер КПиА,https://www.superjob.ru/vakansii/inzhener-kpia-32165404.html,Эвод, Москва,40000,45000,руб.
140,Ведущий инженер / Руководитель проектов,https://www.superjob.ru/vakansii/veduschij-inzhener-33846721.html,МФТИ ГУ, Москва,,,
141,Инженер ПТО,https://www.superjob.ru/vakansii/inzhener-pto-31977282.html,Стаффмикс," Москва, Китай-город",45000,50000,руб.
142,"Инженер по теплогазоснабжению, отоплению и вентиляции",https://www.superjob.ru/vakansii/inzhener-po-teplogazosnabzheniyu-33339563.html,ПРОМИНДУСТРИЯ АГ," Москва, Юго-Западная",65000,75000,руб.
143,Инженер-технолог пищевого производства,https://www.superjob.ru/vakansii/inzhener-tehnolog-pischevogo-proizvodstva-28648734.html,ООО Эвод, Москва,48000,60000,руб.
144,"Инженер-технолог по гальваническим покрытиям, ЛКП и МКП",https://www.superjob.ru/vakansii/inzhener-tehnolog-po-galvanicheskim-pokrytiyam-30957982.html,НПО Энергомаш, Москва,,,
145,"Инженер, специалист по документообороту",https://www.superjob.ru/vakansii/inzhener-33585158.html,НИИ КП," Москва, Авиамоторная",,,
146,Инженер (эксперт по холодильному оборудованию),https://www.superjob.ru/vakansii/inzhener-33791511.html,МОССЕРВИС, Москва,95000,100000,руб.
147,Инженер-согласователь,https://www.superjob.ru/vakansii/inzhener-soglasovatel-33699002.html,Желдорпроект, Москва,,,
148,Главный инженер,https://www.superjob.ru/vakansii/glavnyj-inzhener-32307411.html,"ГАУК г. Москвы ГМЗ ""Кузьминки-Люблино""", Москва,,,
149,Инженер-технолог сварочного производства,https://www.superjob.ru/vakansii/inzhener-tehnolog-svarochnogo-proizvodstva-30717904.html,"""Корпорация ""СПУ-ЦКБ ТМ""", Москва,,50000,руб.
150,Ведущий инженер-исследователь,https://www.superjob.ru/vakansii/veduschij-inzhener-issledovatel-32939478.html,Импульс, Москва,60000,70000,руб.
151,Инженер-электрик по промышленному оборудованию / Мастер электромонтажного участка на производство,https://www.superjob.ru/vakansii/inzhener-elektrik-po-promyshlennomu-oborudovaniyu-28302312.html,ПТМ, Москва,70000,,руб.
152,Инженер ПТО (радио-релейная связь),https://www.superjob.ru/vakansii/inzhener-pto-33824075.html,"""СК ""ВОЛГАСЕТЬСТРОЙ""", Москва,80000,100000,руб.
153,Ведущий инженер по КИПиА и АСУ ТП (на объект строительства),https://www.superjob.ru/vakansii/veduschij-inzhener-po-kipia-i-asu-tp-33843618.html,Кадровое агентство Юнити, Москва,,,
154,Инженер-проектировщик электроснабжения,https://www.superjob.ru/vakansii/inzhener-proektirovschik-elektrosnabzheniya-32838869.html,Технолог, Москва,120000,,руб.
155,Главный инженер проектов,https://www.superjob.ru/vakansii/glavnyj-inzhener-proektov-11630222.html,Энергосеть-XXV," Москва, Бауманская",85000,,руб.
156,Инженер ПТО,https://www.superjob.ru/vakansii/inzhener-pto-33237018.html,ГорСтрой," Москва, Тульская",70000,,руб.
157,Главный инженер,https://www.superjob.ru/vakansii/glavnyj-inzhener-33790761.html,Группа Гута, Москва,75000,,руб.
158,Инженер по эксплуатации оборудования,https://www.superjob.ru/vakansii/inzhener-po-ekspluatacii-oborudovaniya-33843141.html,"Федеральное государственное бюджетное учреждение здравоохранения ""Центр крови ФМБА России""", Москва,,60000,руб.
159,"Специалист технической поддержки, инженер технической поддержки",https://www.superjob.ru/vakansii/specialist-tehnicheskoj-podderzhki-30464983.html,АСВТ," Москва, Тимирязевская",,,
160,Инженер-конструктор по газовым и газораспределительным системам,https://www.superjob.ru/vakansii/inzhener-konstruktor-po-gazovym-i-gazoraspredelitelnym-sistemam-31824261.html,МФТИ," Москва, Сходненская и ещё 2 станции",,,
161,Инженер-программист АСУ ТП,https://www.superjob.ru/vakansii/inzhener-programmist-asu-tp-31971845.html,Стаффмикс," Москва, Румянцево",,110000,руб.
162,Инженер ПТО,https://www.superjob.ru/vakansii/inzhener-pto-31401745.html,ПРОМИНДУСТРИЯ АГ," Москва, Юго-Западная",70000,75000,руб.
163,Главный инженер проекта комплексный,https://www.superjob.ru/vakansii/glavnyj-inzhener-proekta-kompleksnyj-33371811.html,Желдорпроект," Москва, Семеновская",,,
164,Инженер-конструктор по проектированию технологической оснастки,https://www.superjob.ru/vakansii/inzhener-konstruktor-po-proektirovaniyu-tehnologicheskoj-osnastki-30717939.html,"""Корпорация ""СПУ-ЦКБ ТМ""", Москва,,50000,руб.
165,Инженер ПТО (дорожное строительство),https://www.superjob.ru/vakansii/inzhener-pto-32333940.html,НижегородАвтоДор, Москва,,,
166,Ведущий инженер группы ПОС (проект организации строительства),https://www.superjob.ru/vakansii/veduschij-inzhener-gruppy-pos-25426357.html,ГК Тепло Центр Строй," Москва, Октябрьское поле, Зорге",,,
167,"Инженер-электронщик, схемотехник, разработчик РЭА",https://www.superjob.ru/vakansii/inzhener-elektronschik-32576181.html,ООО ЕН-Автоматизация, Москва,80000,,руб.
168,Инженер-проектировщик систем электроснабжения и автоматизации KNX / EIB,https://www.superjob.ru/vakansii/inzhener-proektirovschik-sistem-elektrosnabzheniya-i-avtomatizacii-knx-33843029.html,Студия-ДК, Москва,70000,85000,руб.
169,Инженер-конструктор,https://www.superjob.ru/vakansii/inzhener-konstruktor-33839417.html,СТС," Москва, Аннино",,,
170,Инженер ПТО (BIM-менеджер),https://www.superjob.ru/vakansii/inzhener-pto-33408264.html,АКВИЛОН, Москва,90000,,руб.
171,Инженер-конструктор кабельной арматуры,https://www.superjob.ru/vakansii/inzhener-konstruktor-kabelnoj-armatury-32545231.html,Национальная электротехническая компания Морозова, Москва,,,
172,Инженер-механик / Заместитель главного механика,https://www.superjob.ru/vakansii/inzhener-mehanik-30068235.html,"ООО ""СПК-СТРОЙ""", Москва,55000,60000,руб.
173,Инженер по генплану,https://www.superjob.ru/vakansii/inzhener-po-genplanu-31431307.html,"""Гипроздрав"" - научно-проектный центр по объектам здравоохранения и отдыха"," Москва, Калужская",70000,80000,руб.
174,Инженер,https://www.superjob.ru/vakansii/inzhener-33823052.html,Литех, Москва,36500,,руб.
175,Инженер по КИП и автоматике,https://www.superjob.ru/vakansii/inzhener-po-kip-i-avtomatike-33615317.html,Экс Морэ," Москва, Аннино и ещё 2 станции",60000,70000,руб.
176,Главный инженер,https://www.superjob.ru/vakansii/glavnyj-inzhener-33842168.html,, Москва,120000,,руб.
177,Инженер-проектировщик электроснабжения,https://www.superjob.ru/vakansii/inzhener-proektirovschik-elektrosnabzheniya-32184790.html,Технолог, Москва,60000,,руб.
178,Техник 1-й категории (инженер),https://www.superjob.ru/vakansii/tehnik-1-j-kategorii-33789671.html,"""НМИЦ онкологии им. Н. Н. Блохина"" Минздрава России", Москва,,,
179,Инженер-конструктор,https://www.superjob.ru/vakansii/inzhener-konstruktor-33628705.html,BULLITT," Москва, Павелецкая",,85000,руб.
180,Инженер-программист,https://www.superjob.ru/vakansii/inzhener-programmist-33155944.html,МФТИ ГУ," Москва, Сходненская и ещё 2 станции",,,
181,Инженер-конструктор,https://www.superjob.ru/vakansii/inzhener-konstruktor-31971855.html,Стаффмикс," Москва, Рязанский проспект",,70000,руб.
182,Инженер-электрик,https://www.superjob.ru/vakansii/inzhener-elektrik-33025139.html,ПРОМИНДУСТРИЯ АГ," Москва, Юго-Западная",70000,75000,руб.
183,Инженер-сметчик,https://www.superjob.ru/vakansii/inzhener-smetchik-31033733.html,Желдорпроект, Москва,,,
184,Инженер-нормировщик,https://www.superjob.ru/vakansii/inzhener-normirovschik-31792640.html,"""Корпорация ""СПУ-ЦКБ ТМ""", Москва,,50000,руб.
185,Инженер-проектировщик ЭОМ,https://www.superjob.ru/vakansii/inzhener-proektirovschik-eom-33843012.html,Студия-ДК, Москва,70000,80000,руб.
186,"Инженер ПТО, Ведущий инженер ПТО",https://www.superjob.ru/vakansii/inzhener-pto-33811225.html,СтройИнжиниринг, Москва,,,
187,Инженер-технолог дверного/мебельного производства,https://www.superjob.ru/vakansii/inzhener-tehnolog-dvernogo-33820761.html,ГК САГА, Москва,,,
188,Инженер по продажам,https://www.superjob.ru/vakansii/inzhener-po-prodazham-33734632.html,Максиарм," Москва, Щелковская",65000,,руб.
189,Инженер-геодезист,https://www.superjob.ru/vakansii/inzhener-geodezist-33691329.html,Стройстандартгрупп," Москва, Говорово",75000,80000,руб.
190,Инженер-проектировщик сети связи (ВЧ связь),https://www.superjob.ru/vakansii/inzhener-proektirovschik-seti-svyazi-33809922.html,Проектные Энергетические Системы, Москва,,,
191,Инженер-электронщик по ремонту радиоэлектроники (логика К561 и К1533),https://www.superjob.ru/vakansii/inzhener-elektronschik-po-remontu-radioelektroniki-33840493.html,ЛИФТ ПРИБОР," Москва, Теплый Стан, Коммунарка",60000,75000,руб.
192,"Full-stack developer (разработчик интерфейсов, Front-end веб-инженер, Back-end разработчик)",https://www.superjob.ru/vakansii/full-stack-developer-33788488.html,"Торговый Дом ""ХИММЕД""", Москва,,,
193,Инженер-метролог,https://www.superjob.ru/vakansii/inzhener-metrolog-33840393.html,Коулмэн Сервис, Москва,70000,75000,руб.
194,Инженер-сметчик,https://www.superjob.ru/vakansii/inzhener-smetchik-33011212.html,УК ГК Комита," Москва, Беговая, Шелепиха",,,
195,"Инженер, инженер-программист, инженер-метролог",https://www.superjob.ru/vakansii/inzhener-33360662.html,ЮНИТЕСС," Москва, Нахимовский проспект",,,
196,Инженер ПТО,https://www.superjob.ru/vakansii/inzhener-pto-33820542.html,"Трансстроймеханизация, ООО", Москва,70000,,руб.
197,Сервис-инженер по холодильной технике,https://www.superjob.ru/vakansii/servis-inzhener-po-holodilnoj-tehnike-33576159.html,"АП ""Сервисный Центр"""," Москва, Тимирязевская и ещё 2 станции",65000,80000,руб.
198,Инженер-сметчик,https://www.superjob.ru/vakansii/inzhener-smetchik-33840107.html,Динамика Света, Москва,80000,90000,руб.
199,Облачный инженер / Инженер систем хранения данных,https://www.superjob.ru/vakansii/oblachnyj-inzhener-33840080.html,Центр стратегического планирования медико-биологических рисков ФМБА РФ," Москва, Щукинская",150000,,руб.
200,Инженер-электрик,https://www.superjob.ru/vakansii/inzhener-elektrik-33432977.html,МФТИ ГУ," Москва, Сходненская и ещё 2 станции",,,
201,Инженер-химик,https://www.superjob.ru/vakansii/inzhener-himik-31960224.html,Стаффмикс," Москва, Румянцево",,50000,руб.
202,Инженер-проектировщик НВК,https://www.superjob.ru/vakansii/inzhener-proektirovschik-nvk-30984762.html,Желдорпроект," Москва, Семеновская",,,
203,Инженер-проектировщик РЗиА ПС 110/220 кВ,https://www.superjob.ru/vakansii/inzhener-proektirovschik-rzia-ps-110-33809911.html,Проектные Энергетические Системы, Москва,,,
204,Инженер по метрологии (электротехника),https://www.superjob.ru/vakansii/inzhener-po-metrologii-33471853.html,Импульс, Москва,57000,62500,руб.
205,Инженер-проектировщик систем электроснабжения,https://www.superjob.ru/vakansii/inzhener-proektirovschik-sistem-elektrosnabzheniya-28951977.html,Монтажсетьстрой," Москва, Славянский бульвар",,,
206,Инженер по снабжению,https://www.superjob.ru/vakansii/inzhener-po-snabzheniyu-33839809.html,Фасадстрой, Москва,60000,,руб.
207,Инженер-обследователь,https://www.superjob.ru/vakansii/inzhener-obsledovatel-33834470.html,ПСУ-5, Москва,,,
208,Преподаватель спецдисциплин (инженер-схемотехник),https://www.superjob.ru/vakansii/prepodavatel-specdisciplin-33839717.html,ГАПОУ ПК № 8 им. И. Ф. Павлова, Москва,,,
209,Инженер отдела технической документации / Специалист отдела технической документации,https://www.superjob.ru/vakansii/inzhener-otdela-tehnicheskoj-dokumentacii-33425333.html,Александер Электрик источники электропитания," Москва, Ботанический сад",45000,50000,руб.
210,"Инженер проекта / Менеджер проекта (отопление, вентиляция)",https://www.superjob.ru/vakansii/inzhener-proekta-33491071.html,ТСА," Москва, Рязанский проспект",,80000,руб.
211,"Инженер-проектировщик электроснабжения ЭС, ЭМ, ЭО, ЭН",https://www.superjob.ru/vakansii/inzhener-proektirovschik-elektrosnabzheniya-es-33152035.html,"ПК ""СпецАтомСервис"""," Москва, Бауманская и ещё 2 станции",,,
212,Инженер технического отдела,https://www.superjob.ru/vakansii/inzhener-tehnicheskogo-otdela-32197440.html,СпецСтройТехнологии-М, Москва,,,
213,Главный инженер,https://www.superjob.ru/vakansii/glavnyj-inzhener-33839304.html,КОНСТРУКТИВНЫЕ РЕШЕНИЯ," Москва, Ленинский проспект",80000,100000,руб.
214,Инженер-программист станков с ЧПУ / Оператор-программист ЧПУ TruPuch 1000,https://www.superjob.ru/vakansii/inzhener-programmist-stankov-s-chpu-32517168.html,АлПлант," Москва, Котельники",65000,,руб.
215,Инженер по ремонту электробензоинструмента / Механик / Сервисный инженер,https://www.superjob.ru/vakansii/inzhener-po-remontu-elektrobenzoinstrumenta-33578520.html,СМТ-Сервис," Москва, Щукинская, Строгино",,,
216,"Инженер-конструктор, проектировщик",https://www.superjob.ru/vakansii/inzhener-konstruktor-29812985.html,"Институт ""Оргэнергострой""", Москва,50000,53000,руб.
217,Инженер-проектировщик печатных плат (электронщик),https://www.superjob.ru/vakansii/inzhener-proektirovschik-pechatnyh-plat-33786879.html,УВП, Москва,,,
218,Инженер ПТО,https://www.superjob.ru/vakansii/inzhener-pto-31040823.html,"ООО ""ИСС"" ЮГ", Москва,55000,60000,руб.
219,Кадастровый инженер,https://www.superjob.ru/vakansii/kadastrovyj-inzhener-33786922.html,Терминал, Москва,,,
220,Инженер-программист,https://www.superjob.ru/vakansii/inzhener-programmist-33771401.html,Стаффмикс, Москва,,,
221,Инженер-проектировщик ОВиК,https://www.superjob.ru/vakansii/inzhener-proektirovschik-ovik-33843155.html,Желдорпроект," Москва, Семеновская",,,
222,NLP Engineer / NLP инженер,https://www.superjob.ru/vakansii/nlp-engineer-33788780.html,МФТИ, Москва,120000,,руб.
223,"Главный инженер проекта (электро-, тепло-, промышленное и гражданское строительство)",https://www.superjob.ru/vakansii/glavnyj-inzhener-proekta-26092155.html,Проектные Энергетические Системы, Москва,,,
224,Инженер ПТО,https://www.superjob.ru/vakansii/inzhener-pto-32144812.html,Фасадстрой, Москва,60000,,руб.
225,Преподаватель спецдисциплин (инженер-аддитивные технологии),https://www.superjob.ru/vakansii/prepodavatel-specdisciplin-33839685.html,ГАПОУ ПК № 8 им. И. Ф. Павлова, Москва,,,
226,Инженер-проектировщик,https://www.superjob.ru/vakansii/inzhener-proektirovschik-30826246.html,"Институт ""Оргэнергострой""", Москва,,,
227,Инженер-проектировщик электроснабжения,https://www.superjob.ru/vakansii/inzhener-proektirovschik-elektrosnabzheniya-33552168.html,ЭнергоСнабСервис," Москва, Добрынинская и ещё 2 станции",50000,,руб.
228,Инженер-технолог,https://www.superjob.ru/vakansii/inzhener-tehnolog-33839254.html,Москабельмет, Москва,,,
229,Инженер-электронщик,https://www.superjob.ru/vakansii/inzhener-elektronschik-33839206.html,"ЦНИИ ""Курс""", Москва,80000,100000,руб.
230,Инженер-проектировщик систем электроснабжения,https://www.superjob.ru/vakansii/inzhener-proektirovschik-sistem-elektrosnabzheniya-32299585.html,Техно Инжиниринг, Москва,70000,,руб.
231,Инженер-проектировщик электроснабжения,https://www.superjob.ru/vakansii/inzhener-proektirovschik-elektrosnabzheniya-33656762.html,ГлавТехСнаб, Москва,,,
232,Инженер ПТО,https://www.superjob.ru/vakansii/inzhener-pto-33648564.html,"ГК ""BETON-BETON""", Москва,60000,70000,руб.
233,Инженер-проектировщик ТР / Разработчик раздела Технологический регламент по отходам,https://www.superjob.ru/vakansii/inzhener-proektirovschik-tr-33838925.html,ЛенПромМонтаж, Москва,,,
234,Инженер-конструктор,https://www.superjob.ru/vakansii/inzhener-konstruktor-33807711.html,АЭРОЛАЙФ, Москва,65000,,руб.
235,Ведущий инженер-геолог камеральной группы,https://www.superjob.ru/vakansii/veduschij-inzhener-geolog-kameralnoj-gruppy-32430785.html,"ООО ""ВПИ""", Москва,65000,80000,руб.
236,"Сервисный инженер, электронщик, мастер по ремонту плат и сварочного оборудования",https://www.superjob.ru/vakansii/servisnyj-inzhener-33838854.html,Мастер сервис," Москва, Медведково и ещё 2 станции",,85000,руб.
237,Инженер-сметчик (электромонтаж),https://www.superjob.ru/vakansii/inzhener-smetchik-33838835.html,ЭлитСтрой, Москва,,,
238,Инженер-сметчик,https://www.superjob.ru/vakansii/inzhener-smetchik-31180316.html,СтройБазис," Москва, Румянцево",,,
239,"Инженер-проектировщик раздела ОТ, ОВ и ХС",https://www.superjob.ru/vakansii/inzhener-proektirovschik-razdela-ot-26325619.html,"""Гипроздрав"" - научно-проектный центр по объектам здравоохранения и отдыха"," Москва, Калужская",50000,60000,руб.
240,Инженер-проектировщик АСУТП,https://www.superjob.ru/vakansii/inzhener-proektirovschik-asutp-11642682.html,Проектные Энергетические Системы, Москва,,,
241,Инженер-проектировщик слаботочных систем,https://www.superjob.ru/vakansii/inzhener-proektirovschik-slabotochnyh-sistem-31526858.html,ГлавТехСнаб, Москва,70000,,руб.
242,Инженер-проектировщик электрических сетей,https://www.superjob.ru/vakansii/inzhener-proektirovschik-elektricheskih-setej-29356223.html,Энергосеть-XXV, Москва,,80000,руб.
243,Главный инженер проекта водоподготовка,https://www.superjob.ru/vakansii/glavnyj-inzhener-proekta-vodopodgotovka-33834828.html,ЛенПромМонтаж, Москва,,70000,руб.
244,"Инженер-конструктор, проектировщик",https://www.superjob.ru/vakansii/inzhener-konstruktor-33530106.html,Гипроздрав," Москва, Калужская",100000,120000,руб.
245,Главный инженер по с/х технике,https://www.superjob.ru/vakansii/glavnyj-inzhener-po-s-33245483.html,АО «АВАНГАРД-АГРО», Москва,,,
246,Инженер-механик,https://www.superjob.ru/vakansii/inzhener-mehanik-30569354.html,НИИСИ РАН," Москва, Профсоюзная",,,
247,Инженер-технолог по сварке,https://www.superjob.ru/vakansii/inzhener-tehnolog-po-svarke-33444004.html,ПО«СЕВЕРНЫЙ МАШИНОСТРОИТЕЛЬНЫЙ ЗАВОД», Москва,,,
248,Инженер-программист АСУ ТП,https://www.superjob.ru/vakansii/inzhener-programmist-asu-tp-27890104.html,Свободные Технологии," Москва, Кожуховская и ещё 2 станции",90000,,руб.
249,Инженер-электрик,https://www.superjob.ru/vakansii/inzhener-elektrik-33838277.html,Содексо ЕвроАзия, Москва,,55000,руб.
250,Ведущий инженер-конструктор,https://www.superjob.ru/vakansii/veduschij-inzhener-konstruktor-33838118.html,Стоун Девелопмент, Москва,,,
251,Главный инженер проекта,https://www.superjob.ru/vakansii/glavnyj-inzhener-proekta-33783773.html,Пожбезопасность," Москва, Автозаводская",100000,125000,руб.
252,Инженер-геодезист,https://www.superjob.ru/vakansii/inzhener-geodezist-33819071.html,Михайлов Валерий Леонидович, Москва,60000,,руб.
253,Инженер-конструктор (машиностроение),https://www.superjob.ru/vakansii/inzhener-konstruktor-28256493.html,Обезвреживание отходов," Москва, Войковская, Петровско-Разумовская",,,
254,Инженер-сметчик (системы электроснабжения),https://www.superjob.ru/vakansii/inzhener-smetchik-28270942.html,ПМТ 96," Москва, Юго-Западная, Беляево",,,
255,Инженер-лаборант,https://www.superjob.ru/vakansii/inzhener-laborant-32098426.html,"ГУП МО ""Лабрадор""", Москва,55000,,руб.
256,Инженер АПС,https://www.superjob.ru/vakansii/inzhener-aps-33595843.html,Альянс," Москва, Румянцево",60000,65000,руб.
257,Инженер-сметчик,https://www.superjob.ru/vakansii/inzhener-smetchik-29879481.html,ГлавСтройПроект," Москва, Черкизовская, Щелковская",,,
258,Видеооператор / Инженер видео-и аудиооборудования,https://www.superjob.ru/vakansii/videooperator-31910579.html,Уровеб, Москва,,,
259,Главный инженер проекта,https://www.superjob.ru/vakansii/glavnyj-inzhener-proekta-31306313.html,Спецснаб-м, Москва,,,
260,Инженер-проектировщик систем электроснабжения,https://www.superjob.ru/vakansii/inzhener-proektirovschik-sistem-elektrosnabzheniya-33177551.html,Проектные Энергетические Системы, Москва,,,
261,"Инженер-проектировщик систем ВК, НВК",https://www.superjob.ru/vakansii/inzhener-proektirovschik-sistem-vk-29355178.html,ГлавТехСнаб, Москва,,,
262,Главный специалист ПТО / Инженер ПТО,https://www.superjob.ru/vakansii/glavnyj-specialist-pto-31832740.html,СТМ-Центр," Москва, Рассказовка",65000,80000,руб.
263,Инженер-механик по бытовой технике,https://www.superjob.ru/vakansii/inzhener-mehanik-po-bytovoj-tehnike-32377482.html,МОССЕРВИС, Москва,75000,,руб.
264,"Инженер систем безопасности ОПС, СКУД, ЛВС, видеонаблюдения",https://www.superjob.ru/vakansii/inzhener-sistem-bezopasnosti-ops-33783620.html,Михайлов Валерий Леонидович," Москва, Беговая и ещё 2 станции",60000,,руб.
265,Инженер-проектировщик систем электроснабжения,https://www.superjob.ru/vakansii/inzhener-proektirovschik-sistem-elektrosnabzheniya-31918883.html,МЕКОНА," Москва, Люблино",,90000,руб.
266,Дендролог (Инженер по охране и защите леса),https://www.superjob.ru/vakansii/dendrolog-31041986.html,"ГАУК г. Москвы ГМЗ ""Кузьминки-Люблино""", Москва,,,
267,Инженер-геолог / Ведущий инженер-геолог (камеральная группа),https://www.superjob.ru/vakansii/inzhener-geolog-29479074.html,Дельта40," Москва, Медведково и ещё 2 станции",57000,70000,руб.
268,Инженер-сметчик,https://www.superjob.ru/vakansii/inzhener-smetchik-33556469.html,Тетра Групп," Москва, Шоссе Энтузиастов, Авиамоторная",65000,,руб.
269,Инженер-проектировщик ПГС,https://www.superjob.ru/vakansii/inzhener-proektirovschik-pgs-33782311.html,ПГС365, Москва,,,
270,Кадастровый инженер / Преподаватель ЗИО,https://www.superjob.ru/vakansii/kadastrovyj-inzhener-27164717.html,МГОК," Москва, Тушинская",80000,,руб.
271,Инженер-конструктор / Проектировщик,https://www.superjob.ru/vakansii/inzhener-konstruktor-33749103.html,ЛенПромМонтаж, Москва,,,
272,Ведущий инженер-проектировщик ПГС,https://www.superjob.ru/vakansii/veduschij-inzhener-proektirovschik-pgs-33232175.html,ИПРОМАШПРОМ," Москва, Достоевская",80000,100000,руб.
273,Ведущий инженер-проектировщик наружных слаботочных сетей,https://www.superjob.ru/vakansii/veduschij-inzhener-proektirovschik-naruzhnyh-slabotochnyh-setej-33371882.html,НИИПИ ИГСП," Москва, Кожуховская, Дубровка",,,
274,Инженер-сметчик,https://www.superjob.ru/vakansii/inzhener-smetchik-30407201.html,"АСК ""Олимпстрой""", Москва,,,
275,Инженер-геодезист,https://www.superjob.ru/vakansii/inzhener-geodezist-31980731.html,Компания Связьэнергомонтаж МО, Москва,65000,,руб.
276,Сетевой инженер,https://www.superjob.ru/vakansii/setevoj-inzhener-33300429.html,"Федеральное государственное научное учреждение ""Центр информационных технологий и систем органов исполнительной власти"""," Москва, Белорусская, Улица 1905 года",90000,100000,руб.
277,Инженер ПТО (Строительство),https://www.superjob.ru/vakansii/inzhener-pto-32144127.html,Спецмонолитстрой-6," Москва, Митино",70000,,руб.
278,Инженер-дефектоскопист,https://www.superjob.ru/vakansii/inzhener-defektoskopist-33158579.html,ПСФ СТАЛЬКОН, Москва,70000,85000,руб.
279,Инженер по технологическому оборудованию,https://www.superjob.ru/vakansii/inzhener-po-tehnologicheskomu-oborudovaniyu-26309629.html,"ООО ""Химмаш-Аппарат""", Москва,,,
280,"Инженер-проектировщик РЗиА, АСУТП, ВЧ связь, СС, АУПС, СОПТ, ЭОМ, ОВиК, ВК, АР, КР, ООС, ПБ",https://www.superjob.ru/vakansii/inzhener-proektirovschik-rzia-33809740.html,Проектные Энергетические Системы, Москва,,,
281,Инженер-проектировщик ОВиК,https://www.superjob.ru/vakansii/inzhener-proektirovschik-ovik-31669030.html,ГлавТехСнаб, Москва,,,
282,Инженер-геолог / Техник-геолог,https://www.superjob.ru/vakansii/inzhener-geolog-32342105.html,Дельта40," Москва, Медведково, Алтуфьево",45000,55000,руб.
283,Инженер-эколог,https://www.superjob.ru/vakansii/inzhener-ekolog-33749016.html,ЛенПромМонтаж, Москва,10000,12000,руб.
284,Ведущий инженер по защите информации,https://www.superjob.ru/vakansii/veduschij-inzhener-po-zaschite-informacii-33393946.html,"Федеральное государственное научное учреждение ""Центр информационных технологий и систем органов исполнительной власти"""," Москва, Белорусская, Улица 1905 года",,,
285,Инженер-конструктор,https://www.superjob.ru/vakansii/inzhener-konstruktor-28960712.html,Инжиниринговая компания, Москва,,,
286,Инженер-консультант (технический консультант),https://www.superjob.ru/vakansii/inzhener-konsultant-33672950.html,АКВАТЕХНО," Москва, Южная",65000,,руб.
287,Инженер КИПиА,https://www.superjob.ru/vakansii/inzhener-kipia-33658458.html,МонтажСпецСтрой, Москва,,,
288,Инженер по продажам,https://www.superjob.ru/vakansii/inzhener-po-prodazham-29250452.html,Рэндматес," Москва, Авиамоторная, Андроновка",80000,,руб.
289,Инженер ПТО,https://www.superjob.ru/vakansii/inzhener-pto-33782315.html,Центродорстрой, Москва,,80000,руб.
290,Инженер-проектировщик ОВиК (Revit),https://www.superjob.ru/vakansii/inzhener-proektirovschik-ovik-33834022.html,ДатаДом," Москва, Площадь Ильича",80000,90000,руб.
291,Ведущий инженер,https://www.superjob.ru/vakansii/veduschij-inzhener-30185467.html,"Федеральное государственное бюджетное учреждение здравоохранения ""Центр крови ФМБА России""", Москва,,70000,руб.
292,Инженер в отдел согласования,https://www.superjob.ru/vakansii/inzhener-v-otdel-soglasovaniya-33834071.html,АТ-СТРОЙГРУПП, Москва,35000,40000,руб.
293,Инженер ПТО (г. Одинцово),https://www.superjob.ru/vakansii/inzhener-pto-32532137.html,2Б проект, Москва,,90000,руб.
294,Инженер-механик по обслуживанию силовых верхних приводов (СВП),https://www.superjob.ru/vakansii/inzhener-mehanik-po-obsluzhivaniyu-silovyh-verhnih-privodov-33241878.html,Аксиома-Сервис, Москва,70000,75000,руб.
295,Инженер по охране труда,https://www.superjob.ru/vakansii/inzhener-po-ohrane-truda-33107084.html,МУЦ ДПО ПРОФЦЕНТР, Москва,60000,,руб.
296,Инженер-строитель (расчётчик),https://www.superjob.ru/vakansii/inzhener-stroitel-33781218.html,АВИ Групп, Москва,35000,42000,руб.
297,Инженер-схемотехник,https://www.superjob.ru/vakansii/inzhener-shemotehnik-33805616.html,Лаборатория 121, Москва,50000,60000,руб.
298,Начальник смены швейного цеха / Инженер / Технолог,https://www.superjob.ru/vakansii/nachalnik-smeny-shvejnogo-ceha-33781689.html,"НПФ ""Политехника""", Москва,,,
299,Сервисный инженер газозаправочной станции,https://www.superjob.ru/vakansii/servisnyj-inzhener-gazozapravochnoj-stancii-33833723.html,МГПЗ," Москва, Домодедовская",,50000,руб.
300,Ведущий инженер ПТО,https://www.superjob.ru/vakansii/veduschij-inzhener-pto-32243424.html,"ООО ""ГлавТехСнаб"""," Москва, Динамо",,,
301,Ведущий инженер,https://www.superjob.ru/vakansii/veduschij-inzhener-33394215.html,"Федеральное государственное научное учреждение ""Центр информационных технологий и систем органов исполнительной власти""", Москва,,,
302,Инженер-технолог,https://www.superjob.ru/vakansii/inzhener-tehnolog-28985693.html,Инжиниринговая компания, Москва,,,
303,Инженер-электрик по обслуживанию буровых (по электроприводу),https://www.superjob.ru/vakansii/inzhener-elektrik-po-obsluzhivaniyu-burovyh-33241846.html,Аксиома-Сервис, Москва,65000,70000,руб.
304,Главный инженер проекта (ГИП),https://www.superjob.ru/vakansii/glavnyj-inzhener-proekta-33833709.html,ТСА," Москва, Рязанский проспект",,85000,руб.
305,Инженер по слаботочным системам,https://www.superjob.ru/vakansii/inzhener-po-slabotochnym-sistemam-27031871.html,Динамика Света," Москва, Авиамоторная",72000,90000,руб.
306,Ассистент инженера (без опыта),https://www.superjob.ru/vakansii/assistent-inzhenera-32798600.html,МОССЕРВИС, Москва,65000,75000,руб.
307,Ведущий инженер-сметчик,https://www.superjob.ru/vakansii/veduschij-inzhener-smetchik-32565515.html,Дети улиц, Москва,50000,,руб.
308,Инженер-электронщик,https://www.superjob.ru/vakansii/inzhener-elektronschik-33781310.html,ПК СтанкоПресс, Москва,,,
309,Управляющий МКД / Начальник участка/Инженер,https://www.superjob.ru/vakansii/upravlyayuschij-mkd-33601159.html,Капитал инвест, Москва,50000,,руб.
310,Инженер отдела ВОЛС (магистральные линии связи),https://www.superjob.ru/vakansii/inzhener-otdela-vols-31369425.html,СКС," Москва, Шаболовская",,,
311,Инженер производственно-технического отдела,https://www.superjob.ru/vakansii/inzhener-proizvodstvenno-tehnicheskogo-otdela-33396953.html,АКВИЛОН," Москва, Охотный ряд, Китай-город",80000,90000,руб.
312,Инженер по обслуживанию систем SCADA и АСУ,https://www.superjob.ru/vakansii/inzhener-po-obsluzhivaniyu-sistem-scada-i-asu-33781045.html,"УК ""AKTAVEST PROPERTY MANAGEMENT"""," Москва, Новослободская",80000,,руб.
313,Инженер строительного контроля,https://www.superjob.ru/vakansii/inzhener-stroitelnogo-kontrolya-33831917.html,ДОРСТРОЙ," Москва, Владыкино",,125000,руб.
314,Инженер-лаборант,https://www.superjob.ru/vakansii/inzhener-laborant-33550376.html,АвтоДорСтрой, Москва,,,
315,"Инженер ПТО (электроэнергетика, электроснабжение) / Инженер по электроснабжению",https://www.superjob.ru/vakansii/inzhener-pto-30165170.html,Спецстрой-ИНЖ," Москва, Белорусская и ещё 2 станции",70000,80000,руб.
316,Инженер слаботочных систем,https://www.superjob.ru/vakansii/inzhener-slabotochnyh-sistem-28525606.html,Современные Противопожарные Системы, Москва,70000,,руб.
317,"Химик-технолог, химик-инженер",https://www.superjob.ru/vakansii/himik-tehnolog-33782320.html,ФОМОС-МАТЕРИАЛЫ, Москва,50000,,руб.
318,Инженер-геодезист,https://www.superjob.ru/vakansii/inzhener-geodezist-33565271.html,Тетра Групп, Москва,80000,,руб.
319,Инженер-электрик,https://www.superjob.ru/vakansii/inzhener-elektrik-28227359.html,СПРИНТ-ПЛАСТ, Москва,40000,,руб.
320,Инженер генерального плана,https://www.superjob.ru/vakansii/inzhener-generalnogo-plana-29722754.html,ГлавТехСнаб, Москва,,,
321,Инженер в области машинного обучения,https://www.superjob.ru/vakansii/inzhener-v-oblasti-mashinnogo-obucheniya-33556440.html,"Федеральное государственное научное учреждение ""Центр информационных технологий и систем органов исполнительной власти"""," Москва, Белорусская, Улица 1905 года",,,
322,Инженер-проектировщик,https://www.superjob.ru/vakansii/inzhener-proektirovschik-28985696.html,Инжиниринговая компания, Москва,,,
323,Инженер ПТО,https://www.superjob.ru/vakansii/inzhener-pto-29664046.html,ТСА," Москва, Стахановская",60000,70000,руб.
324,Главный инженер технической дирекции / Заместитель технического директора (ЖКХ),https://www.superjob.ru/vakansii/glavnyj-inzhener-tehnicheskoj-direkcii-33368883.html,Капитал инвест, Москва,,,
325,Инженер-электроник,https://www.superjob.ru/vakansii/inzhener-elektronik-28227612.html,СПРИНТ-ПЛАСТ, Москва,,,
326,Инженер-механик / Ассистент мастера по ремонту бытовой техники,https://www.superjob.ru/vakansii/inzhener-mehanik-33804409.html,МОССЕРВИС, Москва,67000,80000,руб.
327,Инженер-геодезист,https://www.superjob.ru/vakansii/inzhener-geodezist-33829798.html,СК МонтажСпецСтрой, Москва,80000,,руб.
328,Сервисный инженер по источникам бесперебойного питания,https://www.superjob.ru/vakansii/servisnyj-inzhener-po-istochnikam-besperebojnogo-pitaniya-33815942.html,ПАРАМЕТР, Москва,,,
329,Инженер-проектировщик систем электроснабжения,https://www.superjob.ru/vakansii/inzhener-proektirovschik-sistem-elektrosnabzheniya-31367207.html,АСВОМЕД-Дизайн," Москва, Беговая",,,
330,"Инженер-технолог, технолог",https://www.superjob.ru/vakansii/inzhener-tehnolog-33803335.html,Фармсистемы," Москва, Зябликово, Алма-Атинская",,,
331,Инженер по техническому надзору (строительному контролю),https://www.superjob.ru/vakansii/inzhener-po-tehnicheskomu-nadzoru-33803081.html,Устойчивое развитие, Москва,,,
332,"Ведущий инженер по арматуре, конструктор, технолог металлопроизводства",https://www.superjob.ru/vakansii/veduschij-inzhener-po-armature-28049061.html,Управление механизации, Москва,70000,80000,руб.
333,Главный инженер проекта (ГИП) / Руководитель проекта / Помощник ГИПа,https://www.superjob.ru/vakansii/glavnyj-inzhener-proekta-33596966.html,Спецраздел, Москва,,,
334,Инженер-гидравлик,https://www.superjob.ru/vakansii/inzhener-gidravlik-32409505.html,Русклимат, Москва,,,
335,Старший инженер / Техник,https://www.superjob.ru/vakansii/starshij-inzhener-33777990.html,Performance Group, Москва,70000,75000,руб.
336,Инженер-испытатель испытательной лаборатории в области пожарной безопасности,https://www.superjob.ru/vakansii/inzhener-ispytatel-ispytatelnoj-laboratorii-v-oblasti-pozharnoj-bezopasnosti-33776426.html,АНО Электросерт, Москва,55000,,руб.
337,Инженер,https://www.superjob.ru/vakansii/inzhener-31852545.html,НДГС, Москва,80000,,руб.
338,Инженер по проектно-сметной работе,https://www.superjob.ru/vakansii/inzhener-po-proektno-smetnoj-rabote-33802798.html,"Частное акционерное общество ""Северодонецкий ОРГХИМ""", Москва,,,
339,Инженер-механик,https://www.superjob.ru/vakansii/inzhener-mehanik-28275299.html,"ООО ПСФ ""СТАЛЬКОН""", Москва,60000,70000,руб.
340,Инженер-сметчик,https://www.superjob.ru/vakansii/inzhener-smetchik-30638227.html,ГлавТехСнаб," Москва, Динамо",,,
341,Инженер-администратор,https://www.superjob.ru/vakansii/inzhener-administrator-33556538.html,"Федеральное государственное научное учреждение ""Центр информационных технологий и систем органов исполнительной власти"""," Москва, Белорусская, Улица 1905 года",,,
342,Инженер по эксплуатации МКД (Север Москвы),https://www.superjob.ru/vakansii/inzhener-po-ekspluatacii-mkd-30972009.html,Капитал инвест, Москва,60000,,руб.
343,Главный инженер по эксплуатации,https://www.superjob.ru/vakansii/glavnyj-inzhener-po-ekspluatacii-32462086.html,Performance Group," Москва, Кунцевская и ещё 4 станции",70000,75000,руб.
344,Инженер,https://www.superjob.ru/vakansii/inzhener-30096694.html,Фактор-ТС, Москва,50000,,руб.
345,Инженер-конструктор многослойных печатных плат,https://www.superjob.ru/vakansii/inzhener-konstruktor-mnogoslojnyh-pechatnyh-plat-29858757.html,МикроЛАБ Системс, Москва,90000,,руб.
346,Дежурный техник (инженер),https://www.superjob.ru/vakansii/dezhurnyj-tehnik-33802176.html,ОМС, Москва,,40000,руб.
347,"Хроматографист, инженер-хроматографист",https://www.superjob.ru/vakansii/hromatografist-25260025.html,ИЦ «Фармоборона», Москва,80000,,руб.
348,Ведущий инженер производственно-технического отдела,https://www.superjob.ru/vakansii/veduschij-inzhener-proizvodstvenno-tehnicheskogo-otdela-24799836.html,МГТЭС," Москва, Молодежная, Славянский бульвар",,,
349,Ведущий инженер ПТО,https://www.superjob.ru/vakansii/veduschij-inzhener-pto-33816592.html,Газстрой-М, Москва,60000,,руб.
350,Инженер ПТО (электроснабжение),https://www.superjob.ru/vakansii/inzhener-pto-31554774.html,ГАРАНТ ГРУПП / энергосервисная компания, Москва,,,
351,Инженер строительного надзора,https://www.superjob.ru/vakansii/inzhener-stroitelnogo-nadzora-33800884.html,, Москва,,,
352,Инженер-проектировщик ОПС (м. Тушинская),https://www.superjob.ru/vakansii/inzhener-proektirovschik-ops-33800614.html,Контур-с," Москва, Тушинская",40000,45000,руб.
353,Инженер-конструктор/проектировщик систем электроснабжения (шинопроводы),https://www.superjob.ru/vakansii/inzhener-konstruktor-33775111.html,МАКИНТЕХ, Москва,,,
354,Ведущий инженер-проектировщик инженерных сетей (раздел ВК),https://www.superjob.ru/vakansii/veduschij-inzhener-proektirovschik-inzhenernyh-setej-32097699.html,КТС-ПРОЕКТ," Москва, Румянцево",74000,85000,руб.
355,Инженер КИПиА,https://www.superjob.ru/vakansii/inzhener-kipia-32073876.html,ООО НПП Боронд, Москва,,,
356,Инженер строительного контроля,https://www.superjob.ru/vakansii/inzhener-stroitelnogo-kontrolya-31697027.html,Надымстройгаздобыча, Москва,90000,,руб.
357,Инженер-проектировщик многоквартирных домов / Инженер-проектировщик гражданского строительства,https://www.superjob.ru/vakansii/inzhener-proektirovschik-mnogokvartirnyh-domov-32916366.html,УМКД," Москва, Текстильщики",,,
358,"Инженер-геодезист, геодезист",https://www.superjob.ru/vakansii/inzhener-geodezist-33778304.html,Вента, Москва,70000,,руб.
359,"Инженер-проектировщик ВК, НВК",https://www.superjob.ru/vakansii/inzhener-proektirovschik-vk-32170698.html,СК БИТЭКС, Москва,80000,,руб.
360,Инженер по информационной безопасности,https://www.superjob.ru/vakansii/inzhener-po-informacionnoj-bezopasnosti-33556938.html,"Федеральное государственное научное учреждение ""Центр информационных технологий и систем органов исполнительной власти""", Москва,,,
361,Инженер по проектно-сметной работе,https://www.superjob.ru/vakansii/inzhener-po-proektno-smetnoj-rabote-24799729.html,МГТЭС," Москва, Молодежная, Славянский бульвар",,87000,руб.
362,Ведущий инженер-проектировщик ЭОМ,https://www.superjob.ru/vakansii/veduschij-inzhener-proektirovschik-eom-33025173.html,КТС-ПРОЕКТ," Москва, Румянцево",74000,85000,руб.
363,"Инженер производственно-технического отдела, энергетик",https://www.superjob.ru/vakansii/inzhener-proizvodstvenno-tehnicheskogo-otdela-30645675.html,МонтажЭнерго, Москва,40000,50000,руб.
364,Инженер по радиационной безопасности,https://www.superjob.ru/vakansii/inzhener-po-radiacionnoj-bezopasnosti-33772591.html,ЛенПромМонтаж, Москва,,,
365,Инженер отдела пожарной безопасности,https://www.superjob.ru/vakansii/inzhener-otdela-pozharnoj-bezopasnosti-33296719.html,ГБУЗ ГКБ им. В. П. Демихова," Москва, Волжская",70000,80000,руб.
366,"Инженер-проектировщик ВК, ГИП",https://www.superjob.ru/vakansii/inzhener-proektirovschik-vk-31172754.html,Staffmax," Москва, Октябрьское поле",,,
367,Инженер-химик,https://www.superjob.ru/vakansii/inzhener-himik-33291157.html,MOHA, Москва,,,
368,Ведущий инженер сектора РЗА,https://www.superjob.ru/vakansii/veduschij-inzhener-sektora-rza-31873846.html,МОЭК, Москва,,,
369,Руководитель проектов (ГИП / Главный инженер проекта) службы технического заказчика,https://www.superjob.ru/vakansii/rukovoditel-proektov-33745485.html,СОДЕЙСТВИЕ СТРОИТЕЛЬСТВУ," Москва, Марксистская",100000,,руб.
370,Инженер-исследователь,https://www.superjob.ru/vakansii/inzhener-issledovatel-33561340.html,"Федеральное государственное научное учреждение ""Центр информационных технологий и систем органов исполнительной власти""", Москва,,,
371,Ведущий инженер по телемеханике и АИИСКУЭ,https://www.superjob.ru/vakansii/veduschij-inzhener-po-telemehanike-i-aiiskue-33284023.html,МГТЭС," Москва, Молодежная, Славянский бульвар",,90000,руб.
372,"Главный инженер проекта (ГИП, комплексный)",https://www.superjob.ru/vakansii/glavnyj-inzhener-proekta-32104592.html,КТС-ПРОЕКТ," Москва, Румянцево",100000,120000,руб.
373,Ведущий инженер-конструктор,https://www.superjob.ru/vakansii/veduschij-inzhener-konstruktor-32097777.html,КТС-ПРОЕКТ," Москва, Румянцево",74000,90000,руб.
